Country,Year,Month,climate_risk,economic_risk,trade_risk,geopolitical_risk,migration_risk,social_risk,infrastructure_risk,economic_impact,trade_impact,global_risk
IND,2020,1,0.4040462496713528,0.0,0.011045343164156571,0.8783889574846402,0.2312006522013749,1.0,0.7422786984126529,0.5953513192373602,0.4706059449245682,0.4558166275725124
IND,2021,1,0.04404823540390708,0.021552882561015906,0.008482958587857612,0.7775946242668126,0.1691643576592477,0.0,0.7422786984126529,0.3060107279182492,0.31124907158568293,0.24982809085697494
