Country,Year,Month,climate_risk,economic_risk,trade_risk,geopolitical_risk,migration_risk,social_risk,economic_impact,trade_impact,global_risk
IND,2020,1,0.4040462496713528,0.0,0.011045343164156571,0.8783889574846402,0.2312006522013749,1.0,0.5774558696799762,0.4273974024215038,0.42492480129141086
IND,2021,1,0.04404823540390708,0.021552882561015906,0.008482958587857612,0.7775946242668126,0.1691643576592477,0.0,0.24585082176011552,0.24423325437787063,0.17947986464044094
